{"cameraMode":{"drawMode":0,"name":"Shaded","section":"Shading Mode"},"sceneLighting":true,"audioPlay":false,"sceneViewState":{"showFog":true,"showMaterialUpdate":false,"showSkybox":false,"showFlares":true,"showImageEffects":true,"showParticleSystems":true},"in2DMode":false,"pivot":{"x":0.2580585479736328,"y":-0.5824413299560547,"z":0.3567023277282715},"rotation":{"x":0.27718907594680788,"y":0.34254077076911929,"z":-0.10652359575033188,"w":0.8913387656211853},"size":40.010372161865237,"orthographic":false}