{"cameraMode":{"drawMode":0,"name":"Shaded","section":"Shading Mode"},"sceneLighting":true,"audioPlay":false,"sceneViewState":{"showFog":true,"showMaterialUpdate":false,"showSkybox":true,"showFlares":true,"showImageEffects":true,"showParticleSystems":true},"in2DMode":false,"pivot":{"x":-3.0999999046325685,"y":0.699999988079071,"z":-6.360000133514404},"rotation":{"x":0.2605636715888977,"y":0.05210378021001816,"z":-0.014084137044847012,"w":0.9639468193054199},"size":22.0,"orthographic":true}